t,gdx,gdy,gdz,a0,a1,a2,a3,a4,a5,is_drop
0.000,-3.04,-8.00,37.39,0.0000,0.0000,0.0000,0.0000,0.0000,0.0000,0
0.027,-3.04,-8.00,37.39,-0.0625,-0.0040,-0.0625,0.0625,-0.0625,0.0625,0
0.048,-3.04,-8.00,37.39,-0.1118,-0.0663,-0.1016,0.1211,-0.0728,0.1031,0
0.115,-2.36,-8.20,36.74,-0.1125,-0.1247,-0.0837,0.1760,-0.0058,0.0690,0
0.182,-1.36,-8.17,35.91,-0.1057,-0.1794,-0.0845,0.1916,-0.0405,0.0784,0
0.249,-0.78,-8.61,35.12,-0.0681,-0.2307,-0.0754,0.1171,-0.0140,0.0718,0
0.315,-0.11,-8.98,33.88,-0.0145,-0.2787,-0.0639,0.0473,0.0374,0.0588,0
0.382,-0.17,-8.94,32.32,0.0159,-0.3238,-0.0315,0.0844,0.0527,0.1126,0
0.448,0.25,-9.17,31.33,0.0774,-0.3661,-0.0064,0.1220,0.1120,0.1333,0
0.515,-0.21,-8.43,30.39,0.1282,-0.4057,0.0036,0.1584,0.1675,0.1214,0
0.582,-0.44,-8.06,29.32,0.1357,-0.4428,-0.0163,0.0860,0.1163,0.1001,0
0.648,-0.77,-7.52,27.39,0.1645,-0.4777,-0.0156,0.0541,0.0868,0.1150,0
0.715,-1.19,-6.64,25.16,0.2094,-0.5103,0.0036,0.0723,0.1248,0.1446,0
0.782,-1.93,-5.18,23.47,0.2357,-0.5409,0.0088,0.0767,0.1279,0.1647,0
0.850,-2.68,-3.40,21.36,0.2835,-0.5696,0.0115,0.0418,0.1824,0.1414,0
0.915,-3.14,-2.06,20.46,0.3283,-0.5965,0.0149,-0.0086,0.1712,0.1059,0
0.983,-3.14,-1.72,20.97,0.3529,-0.6217,0.0329,-0.0215,0.1480,0.1140,0
1.050,-3.18,-1.27,21.54,0.3934,-0.6454,0.0671,0.0013,0.2012,0.1474,0
1.116,-3.82,0.27,21.11,0.3768,-0.6675,0.0822,0.0337,0.1554,0.1811,0
1.182,-4.30,1.17,20.91,0.3638,-0.6883,0.0934,0.0507,0.1271,0.2020,0
1.249,-5.00,2.38,20.75,0.3499,-0.7078,0.0982,0.1003,0.0859,0.2223,0
1.315,-5.56,3.56,20.46,0.3280,-0.7261,0.1046,0.0783,0.0918,0.2006,0
1.382,-6.05,4.47,20.69,0.2627,-0.7432,0.0970,0.0913,0.0236,0.2302,0
1.448,-6.29,5.56,21.01,0.2454,-0.7592,0.1205,0.0691,0.0827,0.1964,0
1.515,-6.66,6.84,20.83,0.1821,-0.7743,0.1248,0.1180,0.0151,0.2192,0
1.582,-6.54,8.35,20.43,0.1432,-0.7884,0.1523,0.1222,0.0422,0.1907,0
1.648,-6.58,9.94,20.01,0.0729,-0.8016,0.1459,0.1360,-0.0188,0.2030,0
1.715,-6.39,11.41,20.01,0.0304,-0.8140,0.1617,0.1015,0.0206,0.1496,0
1.782,-6.20,12.80,19.89,-0.0340,-0.8256,0.1419,0.1433,-0.0432,0.1936,0
1.850,-5.99,14.45,19.63,-0.0771,-0.8365,0.1647,0.1069,0.0220,0.1365,0
1.915,-5.28,16.19,19.41,-0.1347,-0.8467,0.1478,0.1266,-0.0224,0.1378,0
1.982,-4.71,17.78,19.19,-0.1847,-0.8563,0.1559,0.1016,0.0106,0.1051,0
2.049,-3.82,19.25,19.25,-0.2323,-0.8653,0.1501,0.0489,0.0222,0.0589,0
2.115,-2.87,19.58,19.99,-0.2608,-0.8737,0.1631,0.0135,0.0542,0.0153,0
2.182,-1.98,19.99,20.55,-0.2931,-0.8718,0.1628,0.0291,0.0257,0.0198,0
2.249,-1.03,20.76,20.89,-0.3042,-0.8712,0.1870,0.0304,0.0723,0.0071,0
2.315,-0.40,21.76,20.72,-0.3389,-0.8574,0.1713,0.0291,0.0385,0.0137,0
2.382,0.90,22.14,21.14,-0.3802,-0.8233,0.1462,-0.0200,-0.0071,0.0186,0
2.449,2.16,21.91,22.39,-0.4166,-0.7756,0.1405,-0.0407,-0.0453,0.0381,0
2.515,3.52,22.17,22.85,-0.4346,-0.7249,0.1641,-0.0186,-0.0430,0.0708,0
2.582,4.83,22.71,22.43,-0.4485,-0.6700,0.1936,0.0133,-0.0322,0.1136,0
2.649,6.38,23.53,21.57,-0.4684,-0.6163,0.2268,-0.0155,0.0002,0.1063,0
2.715,7.72,23.84,21.60,-0.4822,-0.5492,0.2370,-0.0489,-0.0148,0.0970,0
2.782,8.98,23.98,22.03,-0.4788,-0.4727,0.2437,-0.0485,-0.0505,0.1129,0
2.850,10.33,24.31,21.99,-0.4313,-0.4113,0.2808,-0.0331,-0.0079,0.1391,0
2.915,11.53,24.89,21.23,-0.4164,-0.3287,0.2845,-0.0130,-0.0428,0.1703,0
2.983,12.65,25.43,20.62,-0.3568,-0.2682,0.3143,0.0031,0.0055,0.2006,0
3.049,13.63,25.94,19.82,-0.3166,-0.2100,0.3297,-0.0326,0.0388,0.1925,0
3.115,14.46,26.12,19.17,-0.2890,-0.1343,0.3210,-0.0528,0.0226,0.1967,0
3.182,15.12,26.39,18.53,-0.2325,-0.0634,0.3261,-0.0305,0.0361,0.2340,0
3.249,15.88,26.49,17.77,-0.1599,0.0030,0.3384,-0.0143,0.0742,0.2803,0
3.315,16.41,26.92,17.01,-0.1436,0.0653,0.3209,-0.0086,0.0427,0.3116,0
3.382,16.88,27.05,16.33,-0.0721,0.1238,0.3309,-0.0065,0.0943,0.3546,0
3.448,17.41,27.62,15.54,-0.0446,0.1785,0.3168,-0.0130,0.0905,0.3767,0
3.515,17.87,27.88,14.85,-0.0154,0.2299,0.3041,-0.0014,0.0995,0.4081,0
3.582,18.11,28.36,14.14,0.0472,0.2780,0.3069,-0.0027,0.1558,0.4367,0
3.650,18.10,28.47,13.88,0.0307,0.3231,0.2693,-0.0314,0.1425,0.4180,1
3.716,18.13,27.22,16.12,0.0002,0.3654,0.2307,-0.0501,0.1212,0.3788,0
3.783,18.13,27.22,16.12,-0.0124,0.4051,0.2089,-0.0431,0.1197,0.3343,0
3.849,18.13,27.22,16.12,-0.0420,0.4423,0.1901,-0.0392,0.1107,0.2858,0
3.915,18.13,27.22,16.12,-0.1019,0.4771,0.1750,-0.0417,0.0686,0.2437,0
3.982,18.13,27.22,16.12,-0.1546,0.5098,0.1710,-0.0374,0.0433,0.1985,0
4.049,18.13,27.22,16.12,-0.2074,0.5404,0.1694,-0.0349,-0.0019,0.1580,0
4.115,18.13,27.22,16.12,-0.2569,0.5692,0.1753,-0.0227,-0.0475,0.1214,0
4.182,18.13,27.22,16.12,-0.3034,0.5961,0.1848,-0.0045,-0.1070,0.1047,0
4.250,18.13,27.22,16.12,-0.3469,0.6213,0.2003,0.0258,-0.1628,0.1072,0
4.315,18.13,27.22,16.12,-0.3877,0.6450,0.2181,0.0605,-0.2151,0.1266,0
4.383,18.13,27.22,16.12,-0.4260,0.6615,0.2352,0.0941,-0.2642,0.1573,0
4.450,18.13,27.22,16.12,-0.4619,0.6625,0.2517,0.1227,-0.3102,0.1991,0
4.515,18.13,27.22,16.12,-0.4955,0.6601,0.2655,0.1396,-0.3172,0.2294,0
4.583,18.13,27.22,16.12,-0.5270,0.6540,0.2747,0.1418,-0.3283,0.2552,0
4.650,18.13,27.22,16.12,-0.5566,0.6470,0.2828,0.1396,-0.3531,0.2831,0
4.715,18.13,27.22,16.12,-0.5843,0.6413,0.2918,0.1380,-0.3526,0.3089,0
4.782,18.13,27.22,16.12,-0.6103,0.6413,0.3008,0.1464,-0.3573,0.3359,0
4.849,18.13,27.22,16.12,-0.6347,0.6463,0.3077,0.1544,-0.3451,0.3523,0
4.915,18.13,27.22,16.12,-0.6575,0.6505,0.3148,0.1581,-0.3414,0.3664,0
4.982,18.13,27.22,16.12,-0.6789,0.6548,0.3195,0.1490,-0.3334,0.3707,0
5.048,18.13,27.22,16.12,-0.6990,0.6614,0.3211,0.1349,-0.3379,0.3712,0
5.115,18.13,27.22,16.12,-0.7178,0.6681,0.3249,0.1273,-0.3675,0.3805,0
5.182,18.13,27.22,16.12,-0.7354,0.6723,0.3319,0.1307,-0.3923,0.3951,0
5.249,18.13,27.22,16.12,-0.7520,0.6759,0.3404,0.1437,-0.4000,0.4101,0
5.315,18.13,27.22,16.12,-0.7675,0.6770,0.3481,0.1573,-0.3948,0.4201,0
5.382,18.13,27.22,16.12,-0.7820,0.6745,0.3534,0.1612,-0.3765,0.4208,0
5.448,18.13,27.22,16.12,-0.7956,0.6690,0.3565,0.1543,-0.3812,0.4228,0
5.515,18.13,27.22,16.12,-0.8084,0.6627,0.3594,0.1456,-0.4016,0.4298,0
5.582,18.13,27.22,16.12,-0.8204,0.6544,0.3630,0.1412,-0.4120,0.4391,0
5.648,18.13,27.22,16.12,-0.8316,0.6473,0.3697,0.1460,-0.4282,0.4555,0
5.715,18.13,27.22,16.12,-0.8421,0.6405,0.3780,0.1586,-0.4348,0.4724,0
5.782,18.13,27.22,16.12,-0.8520,0.6336,0.3831,0.1710,-0.4126,0.4766,0
5.849,18.13,27.22,16.12,-0.8612,0.6237,0.3853,0.1729,-0.3969,0.4768,0
5.915,18.13,27.22,16.12,-0.8699,0.6115,0.3854,0.1629,-0.3965,0.4775,0
5.983,18.13,27.22,16.12,-0.8780,0.6029,0.3809,0.1454,-0.3932,0.4699,0
6.050,18.13,27.22,16.12,-0.8857,0.5967,0.3800,0.1359,-0.4117,0.4729,0
6.116,18.13,27.22,16.12,-0.8928,0.5911,0.3837,0.1395,-0.4345,0.4858,0
6.182,18.13,27.22,16.12,-0.8995,0.5858,0.3897,0.1534,-0.4364,0.4983,0
6.248,18.13,27.22,16.12,-0.9058,0.5816,0.3927,0.1683,-0.4136,0.4990,0
6.315,18.13,27.22,16.12,-0.9117,0.5736,0.3946,0.1732,-0.4074,0.5013,0
6.382,18.13,27.22,16.12,-0.9172,0.5617,0.3931,0.1604,-0.3985,0.4956,0
6.448,18.13,27.22,16.12,-0.9224,0.5524,0.3898,0.1418,-0.4094,0.4919,0
6.515,18.13,27.22,16.12,-0.9272,0.5476,0.3868,0.1310,-0.4251,0.4922,0
6.582,18.13,27.22,16.12,-0.9318,0.5425,0.3895,0.1365,-0.4426,0.5040,0
6.650,18.13,27.22,16.12,-0.9360,0.5398,0.3931,0.1503,-0.4373,0.5127,0
6.716,18.13,27.22,16.12,-0.9400,0.5346,0.3978,0.1640,-0.4352,0.5223,0
6.782,18.13,27.22,16.12,-0.9438,0.5284,0.3975,0.1675,-0.4100,0.5162,0
6.848,18.13,27.22,16.12,-0.9473,0.5228,0.3953,0.1593,-0.4077,0.5132,0
6.915,18.13,27.22,16.12,-0.9506,0.5160,0.3914,0.1435,-0.4150,0.5079,0
6.982,18.13,27.22,16.12,-0.9537,0.5110,0.3899,0.1338,-0.4347,0.5112,0
7.048,18.13,27.22,16.12,-0.9566,0.5076,0.3903,0.1357,-0.4414,0.5173,0
7.115,18.13,27.22,16.12,-0.9593,0.5030,0.3961,0.1494,-0.4522,0.5327,0
7.182,18.13,27.22,16.12,-0.9618,0.4962,0.4017,0.1635,-0.4540,0.5446,0
7.249,18.13,27.22,16.12,-0.9642,0.4904,0.4018,0.1697,-0.4163,0.5352,0
7.315,18.13,27.22,16.12,-0.9665,0.4844,0.3984,0.1596,-0.4012,0.5253,0
7.382,18.13,27.22,16.12,-0.9686,0.4765,0.3953,0.1379,-0.4168,0.5206,0
7.449,18.13,27.22,16.12,-0.9705,0.4686,0.3965,0.1282,-0.4480,0.5286,0
7.516,18.13,27.22,16.12,-0.9724,0.4637,0.3986,0.1323,-0.4591,0.5387,0
7.582,18.13,27.22,16.12,-0.9741,0.4618,0.4027,0.1476,-0.4663,0.5514,0
7.649,18.13,27.22,16.12,-0.9757,0.4599,0.4051,0.1610,-0.4445,0.5505,0
7.715,18.13,27.22,16.12,-0.9772,0.4569,0.4032,0.1654,-0.4189,0.5427,0
7.782,18.13,27.22,16.12,-0.9786,0.4500,0.4005,0.1536,-0.4131,0.5362,0
7.848,18.13,27.22,16.12,-0.9800,0.4442,0.3974,0.1359,-0.4309,0.5341,0
7.915,18.13,27.22,16.12,-0.9812,0.4406,0.3960,0.1286,-0.4495,0.5385,0
7.982,18.13,27.22,16.12,-0.9824,0.4389,0.3992,0.1340,-0.4668,0.5513,0
8.049,18.13,27.22,16.12,-0.9835,0.4377,0.4030,0.1471,-0.4648,0.5596,0
8.115,18.13,27.22,16.12,-0.9845,0.4376,0.4035,0.1605,-0.4392,0.5550,0
8.183,18.13,27.22,16.12,-0.9855,0.4330,0.4030,0.1617,-0.4244,0.5499,0
8.248,18.13,27.22,16.12,-0.9864,0.4275,0.4002,0.1495,-0.4234,0.5445,0
8.315,18.13,27.22,16.12,-0.9873,0.4247,0.3963,0.1363,-0.4326,0.5406,0
8.382,18.13,27.22,16.12,-0.9881,0.4219,0.3949,0.1305,-0.4510,0.5441,0
8.448,18.13,27.22,16.12,-0.9888,0.4197,0.3976,0.1340,-0.4664,0.5545,0
8.515,18.13,27.22,16.12,-0.9895,0.4193,0.4011,0.1448,-0.4702,0.5628,0
8.582,18.13,27.22,16.12,-0.9902,0.4182,0.4027,0.1549,-0.4516,0.5617,0
8.649,18.13,27.22,16.12,-0.9908,0.4165,0.4015,0.1590,-0.4320,0.5559,0
8.716,18.13,27.22,16.12,-0.9913,0.4110,0.4000,0.1519,-0.4341,0.5542,0
8.783,18.13,27.22,16.12,-0.9919,0.4056,0.3987,0.1420,-0.4517,0.5569,0
8.848,18.13,27.22,16.12,-0.9924,0.4030,0.3969,0.1351,-0.4569,0.5572,0
8.915,18.13,27.22,16.12,-0.9929,0.4015,0.3977,0.1392,-0.4668,0.5647,0
8.982,18.13,27.22,16.12,-0.9933,0.4012,0.3989,0.1481,-0.4664,0.5693,0
9.049,18.13,27.22,16.12,-0.9937,0.3991,0.3996,0.1557,-0.4561,0.5691,0
9.115,18.13,27.22,16.12,-0.9941,0.3941,0.3998,0.1550,-0.4370,0.5634,0
9.182,18.13,27.22,16.12,-0.9945,0.3893,0.3995,0.1477,-0.4362,0.5617,0
9.249,18.13,27.22,16.12,-0.9948,0.3876,0.3985,0.1376,-0.4504,0.5627,0
9.315,18.13,27.22,16.12,-0.9952,0.3883,0.3979,0.1345,-0.4630,0.5667,0
9.382,18.13,27.22,16.12,-0.9955,0.3923,0.3963,0.1363,-0.4595,0.5654,0
9.449,18.13,27.22,16.12,-0.9957,0.3942,0.3976,0.1458,-0.4570,0.5678,0
9.515,18.13,27.22,16.12,-0.9960,0.3924,0.4000,0.1540,-0.4504,0.5708,0
9.582,18.13,27.22,16.12,-0.9963,0.3902,0.4000,0.1538,-0.4387,0.5678,0
9.648,18.13,27.22,16.12,-0.9965,0.3910,0.3954,0.1455,-0.4257,0.5579,0
9.715,18.13,27.22,16.12,-0.9967,0.3910,0.3923,0.1339,-0.4376,0.5551,0
9.783,18.13,27.22,16.12,-0.9969,0.3910,0.3921,0.1317,-0.4553,0.5603,0
9.848,18.13,27.22,16.12,-0.9971,0.3897,0.3949,0.1365,-0.4673,0.5689,0
